Email,Password,FirstName,LastName
user1@example.com,Pass1231,User1,Test1
user2@example.com,Pass1232,User2,Test2
user3@example.com,Pass1233,User3,Test3
user4@example.com,Pass1234,User4,Test4
user5@example.com,Pass1235,User5,Test5
user6@example.com,Pass1236,User6,Test6
user7@example.com,Pass1237,User7,Test7
user8@example.com,Pass1238,User8,Test8
user9@example.com,Pass1239,User9,Test9
user10@example.com,Pass12310,User10,Test10
user11@example.com,Pass12311,User11,Test11
user12@example.com,Pass12312,User12,Test12
user13@example.com,Pass12313,User13,Test13
user14@example.com,Pass12314,User14,Test14
user15@example.com,Pass12315,User15,Test15
user16@example.com,Pass12316,User16,Test16
user17@example.com,Pass12317,User17,Test17
user18@example.com,Pass12318,User18,Test18
user19@example.com,Pass12319,User19,Test19
user20@example.com,Pass12320,User20,Test20
user21@example.com,Pass12321,User21,Test21
user22@example.com,Pass12322,User22,Test22
user23@example.com,Pass12323,User23,Test23
user24@example.com,Pass12324,User24,Test24
user25@example.com,Pass12325,User25,Test25
user26@example.com,Pass12326,User26,Test26
user27@example.com,Pass12327,User27,Test27
user28@example.com,Pass12328,User28,Test28
user29@example.com,Pass12329,User29,Test29
user30@example.com,Pass12330,User30,Test30
user31@example.com,Pass12331,User31,Test31
user32@example.com,Pass12332,User32,Test32
user33@example.com,Pass12333,User33,Test33
user34@example.com,Pass12334,User34,Test34
user35@example.com,Pass12335,User35,Test35
user36@example.com,Pass12336,User36,Test36
user37@example.com,Pass12337,User37,Test37
user38@example.com,Pass12338,User38,Test38
user39@example.com,Pass12339,User39,Test39
user40@example.com,Pass12340,User40,Test40
user41@example.com,Pass12341,User41,Test41
user42@example.com,Pass12342,User42,Test42
user43@example.com,Pass12343,User43,Test43
user44@example.com,Pass12344,User44,Test44
user45@example.com,Pass12345,User45,Test45
user46@example.com,Pass12346,User46,Test46
user47@example.com,Pass12347,User47,Test47
user48@example.com,Pass12348,User48,Test48
user49@example.com,Pass12349,User49,Test49
user50@example.com,Pass12350,User50,Test50